,L*(D65),a*(D65),b*(D65),C*(D65),class_int
0,23,-45,-20,8,2
1,23,-45,-20,18,0
2,23,-45,-20,28,0
3,23,-45,-20,38,0
4,23,-45,-20,48,0
5,23,-45,-10,8,2
6,23,-45,-10,18,2
7,23,-45,-10,28,0
8,23,-45,-10,38,0
9,23,-45,-10,48,0
10,23,-45,0,8,2
11,23,-45,0,18,2
12,23,-45,0,28,0
13,23,-45,0,38,0
14,23,-45,0,48,0
15,23,-45,10,8,2
16,23,-45,10,18,2
17,23,-45,10,28,2
18,23,-45,10,38,0
19,23,-45,10,48,0
20,23,-45,20,8,2
21,23,-45,20,18,2
22,23,-45,20,28,2
23,23,-45,20,38,0
24,23,-45,20,48,0
25,23,-45,30,8,2
26,23,-45,30,18,2
27,23,-45,30,28,2
28,23,-45,30,38,0
29,23,-45,30,48,0
30,23,-45,40,8,2
31,23,-45,40,18,2
32,23,-45,40,28,2
33,23,-45,40,38,0
34,23,-45,40,48,0
35,23,-45,50,8,2
36,23,-45,50,18,2
37,23,-45,50,28,3
38,23,-45,50,38,0
39,23,-45,50,48,0
40,23,-35,-20,8,2
41,23,-35,-20,18,0
42,23,-35,-20,28,0
43,23,-35,-20,38,0
44,23,-35,-20,48,0
45,23,-35,-10,8,2
46,23,-35,-10,18,0
47,23,-35,-10,28,0
48,23,-35,-10,38,0
49,23,-35,-10,48,0
50,23,-35,0,8,2
51,23,-35,0,18,2
52,23,-35,0,28,0
53,23,-35,0,38,0
54,23,-35,0,48,0
55,23,-35,10,8,2
56,23,-35,10,18,2
57,23,-35,10,28,0
58,23,-35,10,38,0
59,23,-35,10,48,0
60,23,-35,20,8,2
61,23,-35,20,18,2
62,23,-35,20,28,0
63,23,-35,20,38,0
64,23,-35,20,48,0
65,23,-35,30,8,2
66,23,-35,30,18,2
67,23,-35,30,28,0
68,23,-35,30,38,0
69,23,-35,30,48,0
70,23,-35,40,8,2
71,23,-35,40,18,2
72,23,-35,40,28,3
73,23,-35,40,38,0
74,23,-35,40,48,0
75,23,-35,50,8,2
76,23,-35,50,18,3
77,23,-35,50,28,3
78,23,-35,50,38,0
79,23,-35,50,48,0
80,23,-25,-20,8,0
81,23,-25,-20,18,0
82,23,-25,-20,28,0
83,23,-25,-20,38,0
84,23,-25,-20,48,0
85,23,-25,-10,8,2
86,23,-25,-10,18,0
87,23,-25,-10,28,0
88,23,-25,-10,38,0
89,23,-25,-10,48,0
90,23,-25,0,8,2
91,23,-25,0,18,0
92,23,-25,0,28,0
93,23,-25,0,38,0
94,23,-25,0,48,0
95,23,-25,10,8,2
96,23,-25,10,18,2
97,23,-25,10,28,0
98,23,-25,10,38,0
99,23,-25,10,48,0
100,23,-25,20,8,2
101,23,-25,20,18,2
102,23,-25,20,28,0
103,23,-25,20,38,0
104,23,-25,20,48,0
105,23,-25,30,8,2
106,23,-25,30,18,3
107,23,-25,30,28,3
108,23,-25,30,38,0
109,23,-25,30,48,0
110,23,-25,40,8,2
111,23,-25,40,18,3
112,23,-25,40,28,3
113,23,-25,40,38,0
114,23,-25,40,48,0
115,23,-25,50,8,2
116,23,-25,50,18,3
117,23,-25,50,28,3
118,23,-25,50,38,0
119,23,-25,50,48,0
120,23,-15,-20,8,0
121,23,-15,-20,18,0
122,23,-15,-20,28,0
123,23,-15,-20,38,0
124,23,-15,-20,48,0
125,23,-15,-10,8,2
126,23,-15,-10,18,0
127,23,-15,-10,28,0
128,23,-15,-10,38,0
129,23,-15,-10,48,0
130,23,-15,0,8,2
131,23,-15,0,18,0
132,23,-15,0,28,0
133,23,-15,0,38,0
134,23,-15,0,48,0
135,23,-15,10,8,2
136,23,-15,10,18,3
137,23,-15,10,28,3
138,23,-15,10,38,0
139,23,-15,10,48,0
140,23,-15,20,8,2
141,23,-15,20,18,3
142,23,-15,20,28,3
143,23,-15,20,38,3
144,23,-15,20,48,0
145,23,-15,30,8,2
146,23,-15,30,18,3
147,23,-15,30,28,3
148,23,-15,30,38,3
149,23,-15,30,48,0
150,23,-15,40,8,2
151,23,-15,40,18,3
152,23,-15,40,28,3
153,23,-15,40,38,3
154,23,-15,40,48,0
155,23,-15,50,8,2
156,23,-15,50,18,3
157,23,-15,50,28,3
158,23,-15,50,38,3
159,23,-15,50,48,0
160,23,-5,-20,8,0
161,23,-5,-20,18,0
162,23,-5,-20,28,0
163,23,-5,-20,38,0
164,23,-5,-20,48,0
165,23,-5,-10,8,2
166,23,-5,-10,18,0
167,23,-5,-10,28,0
168,23,-5,-10,38,0
169,23,-5,-10,48,0
170,23,-5,0,8,2
171,23,-5,0,18,3
172,23,-5,0,28,3
173,23,-5,0,38,0
174,23,-5,0,48,0
175,23,-5,10,8,3
176,23,-5,10,18,3
177,23,-5,10,28,3
178,23,-5,10,38,3
179,23,-5,10,48,0
180,23,-5,20,8,3
181,23,-5,20,18,3
182,23,-5,20,28,3
183,23,-5,20,38,3
184,23,-5,20,48,3
185,23,-5,30,8,3
186,23,-5,30,18,3
187,23,-5,30,28,3
188,23,-5,30,38,3
189,23,-5,30,48,3
190,23,-5,40,8,3
191,23,-5,40,18,3
192,23,-5,40,28,3
193,23,-5,40,38,3
194,23,-5,40,48,3
195,23,-5,50,8,2
196,23,-5,50,18,3
197,23,-5,50,28,3
198,23,-5,50,38,0
199,23,-5,50,48,0
200,23,5,-20,8,3
201,23,5,-20,18,3
202,23,5,-20,28,0
203,23,5,-20,38,0
204,23,5,-20,48,0
205,23,5,-10,8,3
206,23,5,-10,18,3
207,23,5,-10,28,3
208,23,5,-10,38,3
209,23,5,-10,48,3
210,23,5,0,8,3
211,23,5,0,18,3
212,23,5,0,28,3
213,23,5,0,38,3
214,23,5,0,48,3
215,23,5,10,8,3
216,23,5,10,18,3
217,23,5,10,28,3
218,23,5,10,38,3
219,23,5,10,48,3
220,23,5,20,8,3
221,23,5,20,18,3
222,23,5,20,28,3
223,23,5,20,38,3
224,23,5,20,48,3
225,23,5,30,8,3
226,23,5,30,18,3
227,23,5,30,28,3
228,23,5,30,38,3
229,23,5,30,48,3
230,23,5,40,8,3
231,23,5,40,18,3
232,23,5,40,28,3
233,23,5,40,38,3
234,23,5,40,48,3
235,23,5,50,8,2
236,23,5,50,18,3
237,23,5,50,28,0
238,23,5,50,38,0
239,23,5,50,48,0
240,23,15,-20,8,3
241,23,15,-20,18,3
242,23,15,-20,28,3
243,23,15,-20,38,3
244,23,15,-20,48,3
245,23,15,-10,8,3
246,23,15,-10,18,3
247,23,15,-10,28,3
248,23,15,-10,38,3
249,23,15,-10,48,3
250,23,15,0,8,3
251,23,15,0,18,3
252,23,15,0,28,3
253,23,15,0,38,3
254,23,15,0,48,3
255,23,15,10,8,3
256,23,15,10,18,3
257,23,15,10,28,3
258,23,15,10,38,3
259,23,15,10,48,3
260,23,15,20,8,1
261,23,15,20,18,3
262,23,15,20,28,3
263,23,15,20,38,3
264,23,15,20,48,3
265,23,15,30,8,1
266,23,15,30,18,1
267,23,15,30,28,3
268,23,15,30,38,3
269,23,15,30,48,3
270,23,15,40,8,1
271,23,15,40,18,1
272,23,15,40,28,1
273,23,15,40,38,0
274,23,15,40,48,0
275,23,15,50,8,1
276,23,15,50,18,1
277,23,15,50,28,1
278,23,15,50,38,0
279,23,15,50,48,0
280,23,25,-20,8,3
281,23,25,-20,18,3
282,23,25,-20,28,3
283,23,25,-20,38,3
284,23,25,-20,48,3
285,23,25,-10,8,3
286,23,25,-10,18,3
287,23,25,-10,28,3
288,23,25,-10,38,3
289,23,25,-10,48,3
290,23,25,0,8,3
291,23,25,0,18,3
292,23,25,0,28,3
293,23,25,0,38,3
294,23,25,0,48,3
295,23,25,10,8,1
296,23,25,10,18,1
297,23,25,10,28,3
298,23,25,10,38,3
299,23,25,10,48,3
300,23,25,20,8,1
301,23,25,20,18,1
302,23,25,20,28,1
303,23,25,20,38,3
304,23,25,20,48,3
305,23,25,30,8,1
306,23,25,30,18,1
307,23,25,30,28,1
308,23,25,30,38,1
309,23,25,30,48,3
310,23,25,40,8,1
311,23,25,40,18,1
312,23,25,40,28,1
313,23,25,40,38,1
314,23,25,40,48,0
315,23,25,50,8,1
316,23,25,50,18,1
317,23,25,50,28,1
318,23,25,50,38,1
319,23,25,50,48,1
320,23,35,-20,8,0
321,23,35,-20,18,3
322,23,35,-20,28,3
323,23,35,-20,38,3
324,23,35,-20,48,3
325,23,35,-10,8,0
326,23,35,-10,18,3
327,23,35,-10,28,3
328,23,35,-10,38,3
329,23,35,-10,48,3
330,23,35,0,8,0
331,23,35,0,18,3
332,23,35,0,28,3
333,23,35,0,38,3
334,23,35,0,48,3
335,23,35,10,8,1
336,23,35,10,18,1
337,23,35,10,28,1
338,23,35,10,38,3
339,23,35,10,48,3
340,23,35,20,8,1
341,23,35,20,18,1
342,23,35,20,28,1
343,23,35,20,38,3
344,23,35,20,48,3
345,23,35,30,8,1
346,23,35,30,18,1
347,23,35,30,28,1
348,23,35,30,38,1
349,23,35,30,48,0
350,23,35,40,8,1
351,23,35,40,18,1
352,23,35,40,28,1
353,23,35,40,38,1
354,23,35,40,48,1
355,23,35,50,8,1
356,23,35,50,18,1
357,23,35,50,28,1
358,23,35,50,38,1
359,23,35,50,48,1
360,23,45,-20,8,0
361,23,45,-20,18,3
362,23,45,-20,28,3
363,23,45,-20,38,3
364,23,45,-20,48,3
365,23,45,-10,8,0
366,23,45,-10,18,3
367,23,45,-10,28,3
368,23,45,-10,38,3
369,23,45,-10,48,3
370,23,45,0,8,0
371,23,45,0,18,0
372,23,45,0,28,3
373,23,45,0,38,3
374,23,45,0,48,3
375,23,45,10,8,1
376,23,45,10,18,1
377,23,45,10,28,1
378,23,45,10,38,3
379,23,45,10,48,3
380,23,45,20,8,1
381,23,45,20,18,1
382,23,45,20,28,1
383,23,45,20,38,1
384,23,45,20,48,3
385,23,45,30,8,1
386,23,45,30,18,1
387,23,45,30,28,1
388,23,45,30,38,1
389,23,45,30,48,1
390,23,45,40,8,1
391,23,45,40,18,1
392,23,45,40,28,1
393,23,45,40,38,1
394,23,45,40,48,1
395,23,45,50,8,1
396,23,45,50,18,1
397,23,45,50,28,1
398,23,45,50,38,1
399,23,45,50,48,1
400,33,-45,-20,8,2
401,33,-45,-20,18,0
402,33,-45,-20,28,0
403,33,-45,-20,38,0
404,33,-45,-20,48,0
405,33,-45,-10,8,2
406,33,-45,-10,18,2
407,33,-45,-10,28,0
408,33,-45,-10,38,0
409,33,-45,-10,48,0
410,33,-45,0,8,2
411,33,-45,0,18,2
412,33,-45,0,28,2
413,33,-45,0,38,0
414,33,-45,0,48,0
415,33,-45,10,8,2
416,33,-45,10,18,2
417,33,-45,10,28,2
418,33,-45,10,38,0
419,33,-45,10,48,0
420,33,-45,20,8,2
421,33,-45,20,18,2
422,33,-45,20,28,2
423,33,-45,20,38,0
424,33,-45,20,48,0
425,33,-45,30,8,2
426,33,-45,30,18,2
427,33,-45,30,28,2
428,33,-45,30,38,0
429,33,-45,30,48,0
430,33,-45,40,8,2
431,33,-45,40,18,2
432,33,-45,40,28,2
433,33,-45,40,38,0
434,33,-45,40,48,0
435,33,-45,50,8,2
436,33,-45,50,18,2
437,33,-45,50,28,3
438,33,-45,50,38,3
439,33,-45,50,48,0
440,33,-35,-20,8,2
441,33,-35,-20,18,0
442,33,-35,-20,28,0
443,33,-35,-20,38,0
444,33,-35,-20,48,0
445,33,-35,-10,8,2
446,33,-35,-10,18,2
447,33,-35,-10,28,0
448,33,-35,-10,38,0
449,33,-35,-10,48,0
450,33,-35,0,8,2
451,33,-35,0,18,2
452,33,-35,0,28,0
453,33,-35,0,38,0
454,33,-35,0,48,0
455,33,-35,10,8,2
456,33,-35,10,18,2
457,33,-35,10,28,2
458,33,-35,10,38,0
459,33,-35,10,48,0
460,33,-35,20,8,2
461,33,-35,20,18,2
462,33,-35,20,28,2
463,33,-35,20,38,0
464,33,-35,20,48,0
465,33,-35,30,8,2
466,33,-35,30,18,2
467,33,-35,30,28,2
468,33,-35,30,38,0
469,33,-35,30,48,0
470,33,-35,40,8,2
471,33,-35,40,18,2
472,33,-35,40,28,3
473,33,-35,40,38,3
474,33,-35,40,48,0
475,33,-35,50,8,2
476,33,-35,50,18,3
477,33,-35,50,28,3
478,33,-35,50,38,3
479,33,-35,50,48,3
480,33,-25,-20,8,2
481,33,-25,-20,18,0
482,33,-25,-20,28,0
483,33,-25,-20,38,0
484,33,-25,-20,48,0
485,33,-25,-10,8,2
486,33,-25,-10,18,0
487,33,-25,-10,28,0
488,33,-25,-10,38,0
489,33,-25,-10,48,0
490,33,-25,0,8,2
491,33,-25,0,18,2
492,33,-25,0,28,0
493,33,-25,0,38,0
494,33,-25,0,48,0
495,33,-25,10,8,2
496,33,-25,10,18,2
497,33,-25,10,28,0
498,33,-25,10,38,0
499,33,-25,10,48,0
500,33,-25,20,8,2
501,33,-25,20,18,2
502,33,-25,20,28,3
503,33,-25,20,38,3
504,33,-25,20,48,0
505,33,-25,30,8,2
506,33,-25,30,18,3
507,33,-25,30,28,3
508,33,-25,30,38,3
509,33,-25,30,48,3
510,33,-25,40,8,2
511,33,-25,40,18,3
512,33,-25,40,28,3
513,33,-25,40,38,3
514,33,-25,40,48,3
515,33,-25,50,8,2
516,33,-25,50,18,3
517,33,-25,50,28,3
518,33,-25,50,38,3
519,33,-25,50,48,3
520,33,-15,-20,8,2
521,33,-15,-20,18,0
522,33,-15,-20,28,0
523,33,-15,-20,38,0
524,33,-15,-20,48,0
525,33,-15,-10,8,2
526,33,-15,-10,18,0
527,33,-15,-10,28,0
528,33,-15,-10,38,0
529,33,-15,-10,48,0
530,33,-15,0,8,2
531,33,-15,0,18,2
532,33,-15,0,28,0
533,33,-15,0,38,0
534,33,-15,0,48,0
535,33,-15,10,8,2
536,33,-15,10,18,3
537,33,-15,10,28,3
538,33,-15,10,38,3
539,33,-15,10,48,3
540,33,-15,20,8,2
541,33,-15,20,18,3
542,33,-15,20,28,3
543,33,-15,20,38,3
544,33,-15,20,48,3
545,33,-15,30,8,2
546,33,-15,30,18,3
547,33,-15,30,28,3
548,33,-15,30,38,3
549,33,-15,30,48,3
550,33,-15,40,8,2
551,33,-15,40,18,3
552,33,-15,40,28,3
553,33,-15,40,38,3
554,33,-15,40,48,3
555,33,-15,50,8,2
556,33,-15,50,18,3
557,33,-15,50,28,3
558,33,-15,50,38,3
559,33,-15,50,48,3
560,33,-5,-20,8,2
561,33,-5,-20,18,0
562,33,-5,-20,28,0
563,33,-5,-20,38,0
564,33,-5,-20,48,0
565,33,-5,-10,8,2
566,33,-5,-10,18,3
567,33,-5,-10,28,0
568,33,-5,-10,38,0
569,33,-5,-10,48,0
570,33,-5,0,8,2
571,33,-5,0,18,3
572,33,-5,0,28,3
573,33,-5,0,38,3
574,33,-5,0,48,3
575,33,-5,10,8,2
576,33,-5,10,18,3
577,33,-5,10,28,3
578,33,-5,10,38,3
579,33,-5,10,48,3
580,33,-5,20,8,2
581,33,-5,20,18,3
582,33,-5,20,28,3
583,33,-5,20,38,3
584,33,-5,20,48,3
585,33,-5,30,8,2
586,33,-5,30,18,3
587,33,-5,30,28,3
588,33,-5,30,38,3
589,33,-5,30,48,3
590,33,-5,40,8,2
591,33,-5,40,18,3
592,33,-5,40,28,3
593,33,-5,40,38,3
594,33,-5,40,48,3
595,33,-5,50,8,2
596,33,-5,50,18,3
597,33,-5,50,28,3
598,33,-5,50,38,3
599,33,-5,50,48,3
600,33,5,-20,8,2
601,33,5,-20,18,3
602,33,5,-20,28,3
603,33,5,-20,38,3
604,33,5,-20,48,3
605,33,5,-10,8,2
606,33,5,-10,18,3
607,33,5,-10,28,3
608,33,5,-10,38,3
609,33,5,-10,48,3
610,33,5,0,8,2
611,33,5,0,18,3
612,33,5,0,28,3
613,33,5,0,38,3
614,33,5,0,48,3
615,33,5,10,8,3
616,33,5,10,18,3
617,33,5,10,28,3
618,33,5,10,38,3
619,33,5,10,48,3
620,33,5,20,8,3
621,33,5,20,18,3
622,33,5,20,28,3
623,33,5,20,38,3
624,33,5,20,48,3
625,33,5,30,8,3
626,33,5,30,18,3
627,33,5,30,28,3
628,33,5,30,38,3
629,33,5,30,48,3
630,33,5,40,8,2
631,33,5,40,18,3
632,33,5,40,28,3
633,33,5,40,38,3
634,33,5,40,48,3
635,33,5,50,8,2
636,33,5,50,18,3
637,33,5,50,28,3
638,33,5,50,38,3
639,33,5,50,48,3
640,33,15,-20,8,3
641,33,15,-20,18,3
642,33,15,-20,28,3
643,33,15,-20,38,3
644,33,15,-20,48,3
645,33,15,-10,8,3
646,33,15,-10,18,3
647,33,15,-10,28,3
648,33,15,-10,38,3
649,33,15,-10,48,3
650,33,15,0,8,3
651,33,15,0,18,3
652,33,15,0,28,3
653,33,15,0,38,3
654,33,15,0,48,3
655,33,15,10,8,3
656,33,15,10,18,3
657,33,15,10,28,3
658,33,15,10,38,3
659,33,15,10,48,3
660,33,15,20,8,3
661,33,15,20,18,3
662,33,15,20,28,3
663,33,15,20,38,3
664,33,15,20,48,3
665,33,15,30,8,3
666,33,15,30,18,3
667,33,15,30,28,3
668,33,15,30,38,3
669,33,15,30,48,3
670,33,15,40,8,3
671,33,15,40,18,3
672,33,15,40,28,3
673,33,15,40,38,3
674,33,15,40,48,3
675,33,15,50,8,3
676,33,15,50,18,3
677,33,15,50,28,3
678,33,15,50,38,3
679,33,15,50,48,3
680,33,25,-20,8,3
681,33,25,-20,18,3
682,33,25,-20,28,3
683,33,25,-20,38,3
684,33,25,-20,48,3
685,33,25,-10,8,3
686,33,25,-10,18,3
687,33,25,-10,28,3
688,33,25,-10,38,3
689,33,25,-10,48,3
690,33,25,0,8,3
691,33,25,0,18,3
692,33,25,0,28,3
693,33,25,0,38,3
694,33,25,0,48,3
695,33,25,10,8,1
696,33,25,10,18,3
697,33,25,10,28,3
698,33,25,10,38,3
699,33,25,10,48,3
700,33,25,20,8,1
701,33,25,20,18,3
702,33,25,20,28,3
703,33,25,20,38,3
704,33,25,20,48,3
705,33,25,30,8,1
706,33,25,30,18,1
707,33,25,30,28,1
708,33,25,30,38,3
709,33,25,30,48,3
710,33,25,40,8,1
711,33,25,40,18,1
712,33,25,40,28,1
713,33,25,40,38,1
714,33,25,40,48,3
715,33,25,50,8,1
716,33,25,50,18,1
717,33,25,50,28,1
718,33,25,50,38,1
719,33,25,50,48,1
720,33,35,-20,8,3
721,33,35,-20,18,3
722,33,35,-20,28,3
723,33,35,-20,38,3
724,33,35,-20,48,3
725,33,35,-10,8,3
726,33,35,-10,18,3
727,33,35,-10,28,3
728,33,35,-10,38,3
729,33,35,-10,48,3
730,33,35,0,8,0
731,33,35,0,18,3
732,33,35,0,28,3
733,33,35,0,38,3
734,33,35,0,48,3
735,33,35,10,8,1
736,33,35,10,18,1
737,33,35,10,28,3
738,33,35,10,38,3
739,33,35,10,48,3
740,33,35,20,8,1
741,33,35,20,18,1
742,33,35,20,28,1
743,33,35,20,38,3
744,33,35,20,48,3
745,33,35,30,8,1
746,33,35,30,18,1
747,33,35,30,28,1
748,33,35,30,38,1
749,33,35,30,48,3
750,33,35,40,8,1
751,33,35,40,18,1
752,33,35,40,28,1
753,33,35,40,38,1
754,33,35,40,48,1
755,33,35,50,8,1
756,33,35,50,18,1
757,33,35,50,28,1
758,33,35,50,38,1
759,33,35,50,48,1
760,33,45,-20,8,0
761,33,45,-20,18,3
762,33,45,-20,28,3
763,33,45,-20,38,3
764,33,45,-20,48,3
765,33,45,-10,8,0
766,33,45,-10,18,3
767,33,45,-10,28,3
768,33,45,-10,38,3
769,33,45,-10,48,3
770,33,45,0,8,0
771,33,45,0,18,0
772,33,45,0,28,3
773,33,45,0,38,3
774,33,45,0,48,3
775,33,45,10,8,1
776,33,45,10,18,1
777,33,45,10,28,1
778,33,45,10,38,3
779,33,45,10,48,3
780,33,45,20,8,1
781,33,45,20,18,1
782,33,45,20,28,1
783,33,45,20,38,1
784,33,45,20,48,3
785,33,45,30,8,1
786,33,45,30,18,1
787,33,45,30,28,1
788,33,45,30,38,1
789,33,45,30,48,1
790,33,45,40,8,1
791,33,45,40,18,1
792,33,45,40,28,1
793,33,45,40,38,1
794,33,45,40,48,1
795,33,45,50,8,1
796,33,45,50,18,1
797,33,45,50,28,1
798,33,45,50,38,1
799,33,45,50,48,1
800,43,-45,-20,8,2
801,43,-45,-20,18,2
802,43,-45,-20,28,0
803,43,-45,-20,38,0
804,43,-45,-20,48,0
805,43,-45,-10,8,2
806,43,-45,-10,18,2
807,43,-45,-10,28,0
808,43,-45,-10,38,0
809,43,-45,-10,48,0
810,43,-45,0,8,2
811,43,-45,0,18,2
812,43,-45,0,28,2
813,43,-45,0,38,0
814,43,-45,0,48,0
815,43,-45,10,8,2
816,43,-45,10,18,2
817,43,-45,10,28,2
818,43,-45,10,38,0
819,43,-45,10,48,0
820,43,-45,20,8,2
821,43,-45,20,18,2
822,43,-45,20,28,2
823,43,-45,20,38,0
824,43,-45,20,48,0
825,43,-45,30,8,2
826,43,-45,30,18,2
827,43,-45,30,28,2
828,43,-45,30,38,2
829,43,-45,30,48,0
830,43,-45,40,8,2
831,43,-45,40,18,2
832,43,-45,40,28,2
833,43,-45,40,38,3
834,43,-45,40,48,0
835,43,-45,50,8,2
836,43,-45,50,18,2
837,43,-45,50,28,2
838,43,-45,50,38,3
839,43,-45,50,48,3
840,43,-35,-20,8,2
841,43,-35,-20,18,2
842,43,-35,-20,28,0
843,43,-35,-20,38,0
844,43,-35,-20,48,0
845,43,-35,-10,8,2
846,43,-35,-10,18,2
847,43,-35,-10,28,0
848,43,-35,-10,38,0
849,43,-35,-10,48,0
850,43,-35,0,8,2
851,43,-35,0,18,2
852,43,-35,0,28,2
853,43,-35,0,38,0
854,43,-35,0,48,0
855,43,-35,10,8,2
856,43,-35,10,18,2
857,43,-35,10,28,2
858,43,-35,10,38,0
859,43,-35,10,48,0
860,43,-35,20,8,2
861,43,-35,20,18,2
862,43,-35,20,28,2
863,43,-35,20,38,3
864,43,-35,20,48,0
865,43,-35,30,8,2
866,43,-35,30,18,2
867,43,-35,30,28,2
868,43,-35,30,38,3
869,43,-35,30,48,3
870,43,-35,40,8,2
871,43,-35,40,18,2
872,43,-35,40,28,3
873,43,-35,40,38,3
874,43,-35,40,48,3
875,43,-35,50,8,2
876,43,-35,50,18,2
877,43,-35,50,28,3
878,43,-35,50,38,3
879,43,-35,50,48,3
880,43,-25,-20,8,2
881,43,-25,-20,18,2
882,43,-25,-20,28,0
883,43,-25,-20,38,0
884,43,-25,-20,48,0
885,43,-25,-10,8,2
886,43,-25,-10,18,2
887,43,-25,-10,28,0
888,43,-25,-10,38,0
889,43,-25,-10,48,0
890,43,-25,0,8,2
891,43,-25,0,18,2
892,43,-25,0,28,0
893,43,-25,0,38,0
894,43,-25,0,48,0
895,43,-25,10,8,2
896,43,-25,10,18,2
897,43,-25,10,28,3
898,43,-25,10,38,3
899,43,-25,10,48,0
900,43,-25,20,8,2
901,43,-25,20,18,2
902,43,-25,20,28,3
903,43,-25,20,38,3
904,43,-25,20,48,3
905,43,-25,30,8,2
906,43,-25,30,18,2
907,43,-25,30,28,3
908,43,-25,30,38,3
909,43,-25,30,48,3
910,43,-25,40,8,2
911,43,-25,40,18,2
912,43,-25,40,28,3
913,43,-25,40,38,3
914,43,-25,40,48,3
915,43,-25,50,8,2
916,43,-25,50,18,3
917,43,-25,50,28,3
918,43,-25,50,38,3
919,43,-25,50,48,3
920,43,-15,-20,8,2
921,43,-15,-20,18,2
922,43,-15,-20,28,0
923,43,-15,-20,38,0
924,43,-15,-20,48,0
925,43,-15,-10,8,2
926,43,-15,-10,18,2
927,43,-15,-10,28,0
928,43,-15,-10,38,0
929,43,-15,-10,48,0
930,43,-15,0,8,2
931,43,-15,0,18,2
932,43,-15,0,28,3
933,43,-15,0,38,3
934,43,-15,0,48,0
935,43,-15,10,8,2
936,43,-15,10,18,3
937,43,-15,10,28,3
938,43,-15,10,38,3
939,43,-15,10,48,3
940,43,-15,20,8,2
941,43,-15,20,18,3
942,43,-15,20,28,3
943,43,-15,20,38,3
944,43,-15,20,48,3
945,43,-15,30,8,2
946,43,-15,30,18,3
947,43,-15,30,28,3
948,43,-15,30,38,3
949,43,-15,30,48,3
950,43,-15,40,8,2
951,43,-15,40,18,3
952,43,-15,40,28,3
953,43,-15,40,38,3
954,43,-15,40,48,3
955,43,-15,50,8,2
956,43,-15,50,18,3
957,43,-15,50,28,3
958,43,-15,50,38,3
959,43,-15,50,48,3
960,43,-5,-20,8,2
961,43,-5,-20,18,2
962,43,-5,-20,28,3
963,43,-5,-20,38,0
964,43,-5,-20,48,0
965,43,-5,-10,8,2
966,43,-5,-10,18,3
967,43,-5,-10,28,3
968,43,-5,-10,38,3
969,43,-5,-10,48,3
970,43,-5,0,8,2
971,43,-5,0,18,3
972,43,-5,0,28,3
973,43,-5,0,38,3
974,43,-5,0,48,3
975,43,-5,10,8,2
976,43,-5,10,18,3
977,43,-5,10,28,3
978,43,-5,10,38,3
979,43,-5,10,48,3
980,43,-5,20,8,2
981,43,-5,20,18,3
982,43,-5,20,28,3
983,43,-5,20,38,3
984,43,-5,20,48,3
985,43,-5,30,8,2
986,43,-5,30,18,3
987,43,-5,30,28,3
988,43,-5,30,38,3
989,43,-5,30,48,3
990,43,-5,40,8,2
991,43,-5,40,18,3
992,43,-5,40,28,3
993,43,-5,40,38,3
994,43,-5,40,48,3
995,43,-5,50,8,2
996,43,-5,50,18,3
997,43,-5,50,28,3
998,43,-5,50,38,3
999,43,-5,50,48,3
1000,43,5,-20,8,2
1001,43,5,-20,18,3
1002,43,5,-20,28,3
1003,43,5,-20,38,3
1004,43,5,-20,48,3
1005,43,5,-10,8,2
1006,43,5,-10,18,3
1007,43,5,-10,28,3
1008,43,5,-10,38,3
1009,43,5,-10,48,3
1010,43,5,0,8,2
1011,43,5,0,18,3
1012,43,5,0,28,3
1013,43,5,0,38,3
1014,43,5,0,48,3
1015,43,5,10,8,2
1016,43,5,10,18,3
1017,43,5,10,28,3
1018,43,5,10,38,3
1019,43,5,10,48,3
1020,43,5,20,8,2
1021,43,5,20,18,3
1022,43,5,20,28,3
1023,43,5,20,38,3
1024,43,5,20,48,3
1025,43,5,30,8,3
1026,43,5,30,18,3
1027,43,5,30,28,3
1028,43,5,30,38,3
1029,43,5,30,48,3
1030,43,5,40,8,2
1031,43,5,40,18,3
1032,43,5,40,28,3
1033,43,5,40,38,3
1034,43,5,40,48,3
1035,43,5,50,8,2
1036,43,5,50,18,3
1037,43,5,50,28,3
1038,43,5,50,38,3
1039,43,5,50,48,3
1040,43,15,-20,8,2
1041,43,15,-20,18,3
1042,43,15,-20,28,3
1043,43,15,-20,38,3
1044,43,15,-20,48,3
1045,43,15,-10,8,2
1046,43,15,-10,18,3
1047,43,15,-10,28,3
1048,43,15,-10,38,3
1049,43,15,-10,48,3
1050,43,15,0,8,2
1051,43,15,0,18,3
1052,43,15,0,28,3
1053,43,15,0,38,3
1054,43,15,0,48,3
1055,43,15,10,8,2
1056,43,15,10,18,3
1057,43,15,10,28,3
1058,43,15,10,38,3
1059,43,15,10,48,3
1060,43,15,20,8,3
1061,43,15,20,18,3
1062,43,15,20,28,3
1063,43,15,20,38,3
1064,43,15,20,48,3
1065,43,15,30,8,3
1066,43,15,30,18,3
1067,43,15,30,28,3
1068,43,15,30,38,3
1069,43,15,30,48,3
1070,43,15,40,8,2
1071,43,15,40,18,3
1072,43,15,40,28,3
1073,43,15,40,38,3
1074,43,15,40,48,3
1075,43,15,50,8,2
1076,43,15,50,18,3
1077,43,15,50,28,3
1078,43,15,50,38,3
1079,43,15,50,48,3
1080,43,25,-20,8,2
1081,43,25,-20,18,3
1082,43,25,-20,28,3
1083,43,25,-20,38,3
1084,43,25,-20,48,3
1085,43,25,-10,8,2
1086,43,25,-10,18,3
1087,43,25,-10,28,3
1088,43,25,-10,38,3
1089,43,25,-10,48,3
1090,43,25,0,8,3
1091,43,25,0,18,3
1092,43,25,0,28,3
1093,43,25,0,38,3
1094,43,25,0,48,3
1095,43,25,10,8,3
1096,43,25,10,18,3
1097,43,25,10,28,3
1098,43,25,10,38,3
1099,43,25,10,48,3
1100,43,25,20,8,2
1101,43,25,20,18,3
1102,43,25,20,28,3
1103,43,25,20,38,3
1104,43,25,20,48,3
1105,43,25,30,8,2
1106,43,25,30,18,3
1107,43,25,30,28,3
1108,43,25,30,38,3
1109,43,25,30,48,3
1110,43,25,40,8,2
1111,43,25,40,18,3
1112,43,25,40,28,3
1113,43,25,40,38,3
1114,43,25,40,48,3
1115,43,25,50,8,2
1116,43,25,50,18,1
1117,43,25,50,28,3
1118,43,25,50,38,3
1119,43,25,50,48,3
1120,43,35,-20,8,3
1121,43,35,-20,18,3
1122,43,35,-20,28,3
1123,43,35,-20,38,3
1124,43,35,-20,48,3
1125,43,35,-10,8,3
1126,43,35,-10,18,3
1127,43,35,-10,28,3
1128,43,35,-10,38,3
1129,43,35,-10,48,3
1130,43,35,0,8,3
1131,43,35,0,18,3
1132,43,35,0,28,3
1133,43,35,0,38,3
1134,43,35,0,48,3
1135,43,35,10,8,2
1136,43,35,10,18,3
1137,43,35,10,28,3
1138,43,35,10,38,3
1139,43,35,10,48,3
1140,43,35,20,8,1
1141,43,35,20,18,1
1142,43,35,20,28,3
1143,43,35,20,38,3
1144,43,35,20,48,3
1145,43,35,30,8,1
1146,43,35,30,18,1
1147,43,35,30,28,1
1148,43,35,30,38,3
1149,43,35,30,48,3
1150,43,35,40,8,1
1151,43,35,40,18,1
1152,43,35,40,28,1
1153,43,35,40,38,1
1154,43,35,40,48,3
1155,43,35,50,8,1
1156,43,35,50,18,1
1157,43,35,50,28,1
1158,43,35,50,38,1
1159,43,35,50,48,1
1160,43,45,-20,8,3
1161,43,45,-20,18,3
1162,43,45,-20,28,3
1163,43,45,-20,38,3
1164,43,45,-20,48,3
1165,43,45,-10,8,0
1166,43,45,-10,18,3
1167,43,45,-10,28,3
1168,43,45,-10,38,3
1169,43,45,-10,48,3
1170,43,45,0,8,0
1171,43,45,0,18,3
1172,43,45,0,28,3
1173,43,45,0,38,3
1174,43,45,0,48,3
1175,43,45,10,8,1
1176,43,45,10,18,1
1177,43,45,10,28,3
1178,43,45,10,38,3
1179,43,45,10,48,3
1180,43,45,20,8,1
1181,43,45,20,18,1
1182,43,45,20,28,1
1183,43,45,20,38,3
1184,43,45,20,48,3
1185,43,45,30,8,1
1186,43,45,30,18,1
1187,43,45,30,28,1
1188,43,45,30,38,1
1189,43,45,30,48,3
1190,43,45,40,8,1
1191,43,45,40,18,1
1192,43,45,40,28,1
1193,43,45,40,38,1
1194,43,45,40,48,1
1195,43,45,50,8,1
1196,43,45,50,18,1
1197,43,45,50,28,1
1198,43,45,50,38,1
1199,43,45,50,48,1
1200,53,-45,-20,8,2
1201,53,-45,-20,18,2
1202,53,-45,-20,28,0
1203,53,-45,-20,38,0
1204,53,-45,-20,48,0
1205,53,-45,-10,8,2
1206,53,-45,-10,18,2
1207,53,-45,-10,28,2
1208,53,-45,-10,38,0
1209,53,-45,-10,48,0
1210,53,-45,0,8,2
1211,53,-45,0,18,2
1212,53,-45,0,28,2
1213,53,-45,0,38,0
1214,53,-45,0,48,0
1215,53,-45,10,8,2
1216,53,-45,10,18,2
1217,53,-45,10,28,2
1218,53,-45,10,38,2
1219,53,-45,10,48,0
1220,53,-45,20,8,2
1221,53,-45,20,18,2
1222,53,-45,20,28,2
1223,53,-45,20,38,2
1224,53,-45,20,48,0
1225,53,-45,30,8,2
1226,53,-45,30,18,2
1227,53,-45,30,28,2
1228,53,-45,30,38,2
1229,53,-45,30,48,3
1230,53,-45,40,8,2
1231,53,-45,40,18,2
1232,53,-45,40,28,2
1233,53,-45,40,38,2
1234,53,-45,40,48,3
1235,53,-45,50,8,2
1236,53,-45,50,18,2
1237,53,-45,50,28,2
1238,53,-45,50,38,3
1239,53,-45,50,48,3
1240,53,-35,-20,8,2
1241,53,-35,-20,18,2
1242,53,-35,-20,28,0
1243,53,-35,-20,38,0
1244,53,-35,-20,48,0
1245,53,-35,-10,8,2
1246,53,-35,-10,18,2
1247,53,-35,-10,28,2
1248,53,-35,-10,38,0
1249,53,-35,-10,48,0
1250,53,-35,0,8,2
1251,53,-35,0,18,2
1252,53,-35,0,28,2
1253,53,-35,0,38,0
1254,53,-35,0,48,0
1255,53,-35,10,8,2
1256,53,-35,10,18,2
1257,53,-35,10,28,2
1258,53,-35,10,38,3
1259,53,-35,10,48,0
1260,53,-35,20,8,2
1261,53,-35,20,18,2
1262,53,-35,20,28,2
1263,53,-35,20,38,3
1264,53,-35,20,48,3
1265,53,-35,30,8,2
1266,53,-35,30,18,2
1267,53,-35,30,28,2
1268,53,-35,30,38,3
1269,53,-35,30,48,3
1270,53,-35,40,8,2
1271,53,-35,40,18,2
1272,53,-35,40,28,3
1273,53,-35,40,38,3
1274,53,-35,40,48,3
1275,53,-35,50,8,2
1276,53,-35,50,18,2
1277,53,-35,50,28,3
1278,53,-35,50,38,3
1279,53,-35,50,48,3
1280,53,-25,-20,8,2
1281,53,-25,-20,18,2
1282,53,-25,-20,28,0
1283,53,-25,-20,38,0
1284,53,-25,-20,48,0
1285,53,-25,-10,8,2
1286,53,-25,-10,18,2
1287,53,-25,-10,28,2
1288,53,-25,-10,38,0
1289,53,-25,-10,48,0
1290,53,-25,0,8,2
1291,53,-25,0,18,2
1292,53,-25,0,28,2
1293,53,-25,0,38,3
1294,53,-25,0,48,0
1295,53,-25,10,8,2
1296,53,-25,10,18,2
1297,53,-25,10,28,3
1298,53,-25,10,38,3
1299,53,-25,10,48,3
1300,53,-25,20,8,2
1301,53,-25,20,18,2
1302,53,-25,20,28,3
1303,53,-25,20,38,3
1304,53,-25,20,48,3
1305,53,-25,30,8,2
1306,53,-25,30,18,2
1307,53,-25,30,28,3
1308,53,-25,30,38,3
1309,53,-25,30,48,3
1310,53,-25,40,8,2
1311,53,-25,40,18,2
1312,53,-25,40,28,3
1313,53,-25,40,38,3
1314,53,-25,40,48,3
1315,53,-25,50,8,2
1316,53,-25,50,18,2
1317,53,-25,50,28,3
1318,53,-25,50,38,3
1319,53,-25,50,48,3
1320,53,-15,-20,8,2
1321,53,-15,-20,18,2
1322,53,-15,-20,28,0
1323,53,-15,-20,38,0
1324,53,-15,-20,48,0
1325,53,-15,-10,8,2
1326,53,-15,-10,18,2
1327,53,-15,-10,28,3
1328,53,-15,-10,38,3
1329,53,-15,-10,48,0
1330,53,-15,0,8,2
1331,53,-15,0,18,2
1332,53,-15,0,28,3
1333,53,-15,0,38,3
1334,53,-15,0,48,3
1335,53,-15,10,8,2
1336,53,-15,10,18,2
1337,53,-15,10,28,3
1338,53,-15,10,38,3
1339,53,-15,10,48,3
1340,53,-15,20,8,2
1341,53,-15,20,18,2
1342,53,-15,20,28,3
1343,53,-15,20,38,3
1344,53,-15,20,48,3
1345,53,-15,30,8,2
1346,53,-15,30,18,2
1347,53,-15,30,28,3
1348,53,-15,30,38,3
1349,53,-15,30,48,3
1350,53,-15,40,8,2
1351,53,-15,40,18,3
1352,53,-15,40,28,3
1353,53,-15,40,38,3
1354,53,-15,40,48,3
1355,53,-15,50,8,2
1356,53,-15,50,18,3
1357,53,-15,50,28,3
1358,53,-15,50,38,3
1359,53,-15,50,48,3
1360,53,-5,-20,8,2
1361,53,-5,-20,18,2
1362,53,-5,-20,28,3
1363,53,-5,-20,38,3
1364,53,-5,-20,48,3
1365,53,-5,-10,8,2
1366,53,-5,-10,18,2
1367,53,-5,-10,28,3
1368,53,-5,-10,38,3
1369,53,-5,-10,48,3
1370,53,-5,0,8,2
1371,53,-5,0,18,2
1372,53,-5,0,28,3
1373,53,-5,0,38,3
1374,53,-5,0,48,3
1375,53,-5,10,8,2
1376,53,-5,10,18,3
1377,53,-5,10,28,3
1378,53,-5,10,38,3
1379,53,-5,10,48,3
1380,53,-5,20,8,2
1381,53,-5,20,18,3
1382,53,-5,20,28,3
1383,53,-5,20,38,3
1384,53,-5,20,48,3
1385,53,-5,30,8,2
1386,53,-5,30,18,3
1387,53,-5,30,28,3
1388,53,-5,30,38,3
1389,53,-5,30,48,3
1390,53,-5,40,8,2
1391,53,-5,40,18,3
1392,53,-5,40,28,3
1393,53,-5,40,38,3
1394,53,-5,40,48,3
1395,53,-5,50,8,2
1396,53,-5,50,18,3
1397,53,-5,50,28,3
1398,53,-5,50,38,3
1399,53,-5,50,48,3
1400,53,5,-20,8,2
1401,53,5,-20,18,2
1402,53,5,-20,28,3
1403,53,5,-20,38,3
1404,53,5,-20,48,3
1405,53,5,-10,8,2
1406,53,5,-10,18,3
1407,53,5,-10,28,3
1408,53,5,-10,38,3
1409,53,5,-10,48,3
1410,53,5,0,8,2
1411,53,5,0,18,3
1412,53,5,0,28,3
1413,53,5,0,38,3
1414,53,5,0,48,3
1415,53,5,10,8,2
1416,53,5,10,18,3
1417,53,5,10,28,3
1418,53,5,10,38,3
1419,53,5,10,48,3
1420,53,5,20,8,2
1421,53,5,20,18,3
1422,53,5,20,28,3
1423,53,5,20,38,3
1424,53,5,20,48,3
1425,53,5,30,8,2
1426,53,5,30,18,3
1427,53,5,30,28,3
1428,53,5,30,38,3
1429,53,5,30,48,3
1430,53,5,40,8,2
1431,53,5,40,18,3
1432,53,5,40,28,3
1433,53,5,40,38,3
1434,53,5,40,48,3
1435,53,5,50,8,2
1436,53,5,50,18,3
1437,53,5,50,28,3
1438,53,5,50,38,3
1439,53,5,50,48,3
1440,53,15,-20,8,2
1441,53,15,-20,18,3
1442,53,15,-20,28,3
1443,53,15,-20,38,3
1444,53,15,-20,48,3
1445,53,15,-10,8,2
1446,53,15,-10,18,3
1447,53,15,-10,28,3
1448,53,15,-10,38,3
1449,53,15,-10,48,3
1450,53,15,0,8,2
1451,53,15,0,18,3
1452,53,15,0,28,3
1453,53,15,0,38,3
1454,53,15,0,48,3
1455,53,15,10,8,2
1456,53,15,10,18,3
1457,53,15,10,28,3
1458,53,15,10,38,3
1459,53,15,10,48,3
1460,53,15,20,8,2
1461,53,15,20,18,3
1462,53,15,20,28,3
1463,53,15,20,38,3
1464,53,15,20,48,3
1465,53,15,30,8,2
1466,53,15,30,18,3
1467,53,15,30,28,3
1468,53,15,30,38,3
1469,53,15,30,48,3
1470,53,15,40,8,2
1471,53,15,40,18,3
1472,53,15,40,28,3
1473,53,15,40,38,3
1474,53,15,40,48,3
1475,53,15,50,8,2
1476,53,15,50,18,3
1477,53,15,50,28,3
1478,53,15,50,38,3
1479,53,15,50,48,3
1480,53,25,-20,8,2
1481,53,25,-20,18,3
1482,53,25,-20,28,3
1483,53,25,-20,38,3
1484,53,25,-20,48,3
1485,53,25,-10,8,2
1486,53,25,-10,18,3
1487,53,25,-10,28,3
1488,53,25,-10,38,3
1489,53,25,-10,48,3
1490,53,25,0,8,2
1491,53,25,0,18,3
1492,53,25,0,28,3
1493,53,25,0,38,3
1494,53,25,0,48,3
1495,53,25,10,8,2
1496,53,25,10,18,3
1497,53,25,10,28,3
1498,53,25,10,38,3
1499,53,25,10,48,3
1500,53,25,20,8,2
1501,53,25,20,18,3
1502,53,25,20,28,3
1503,53,25,20,38,3
1504,53,25,20,48,3
1505,53,25,30,8,2
1506,53,25,30,18,3
1507,53,25,30,28,3
1508,53,25,30,38,3
1509,53,25,30,48,3
1510,53,25,40,8,2
1511,53,25,40,18,3
1512,53,25,40,28,3
1513,53,25,40,38,3
1514,53,25,40,48,3
1515,53,25,50,8,2
1516,53,25,50,18,3
1517,53,25,50,28,3
1518,53,25,50,38,3
1519,53,25,50,48,3
1520,53,35,-20,8,2
1521,53,35,-20,18,3
1522,53,35,-20,28,3
1523,53,35,-20,38,3
1524,53,35,-20,48,3
1525,53,35,-10,8,2
1526,53,35,-10,18,3
1527,53,35,-10,28,3
1528,53,35,-10,38,3
1529,53,35,-10,48,3
1530,53,35,0,8,3
1531,53,35,0,18,3
1532,53,35,0,28,3
1533,53,35,0,38,3
1534,53,35,0,48,3
1535,53,35,10,8,2
1536,53,35,10,18,3
1537,53,35,10,28,3
1538,53,35,10,38,3
1539,53,35,10,48,3
1540,53,35,20,8,2
1541,53,35,20,18,3
1542,53,35,20,28,3
1543,53,35,20,38,3
1544,53,35,20,48,3
1545,53,35,30,8,2
1546,53,35,30,18,3
1547,53,35,30,28,3
1548,53,35,30,38,3
1549,53,35,30,48,3
1550,53,35,40,8,1
1551,53,35,40,18,1
1552,53,35,40,28,3
1553,53,35,40,38,3
1554,53,35,40,48,3
1555,53,35,50,8,1
1556,53,35,50,18,1
1557,53,35,50,28,1
1558,53,35,50,38,3
1559,53,35,50,48,3
1560,53,45,-20,8,2
1561,53,45,-20,18,3
1562,53,45,-20,28,3
1563,53,45,-20,38,3
1564,53,45,-20,48,3
1565,53,45,-10,8,2
1566,53,45,-10,18,3
1567,53,45,-10,28,3
1568,53,45,-10,38,3
1569,53,45,-10,48,3
1570,53,45,0,8,2
1571,53,45,0,18,3
1572,53,45,0,28,3
1573,53,45,0,38,3
1574,53,45,0,48,3
1575,53,45,10,8,2
1576,53,45,10,18,3
1577,53,45,10,28,3
1578,53,45,10,38,3
1579,53,45,10,48,3
1580,53,45,20,8,1
1581,53,45,20,18,1
1582,53,45,20,28,3
1583,53,45,20,38,3
1584,53,45,20,48,3
1585,53,45,30,8,1
1586,53,45,30,18,1
1587,53,45,30,28,1
1588,53,45,30,38,3
1589,53,45,30,48,3
1590,53,45,40,8,1
1591,53,45,40,18,1
1592,53,45,40,28,1
1593,53,45,40,38,1
1594,53,45,40,48,3
1595,53,45,50,8,1
1596,53,45,50,18,1
1597,53,45,50,28,1
1598,53,45,50,38,1
1599,53,45,50,48,1
1600,63,-45,-20,8,2
1601,63,-45,-20,18,2
1602,63,-45,-20,28,2
1603,63,-45,-20,38,0
1604,63,-45,-20,48,0
1605,63,-45,-10,8,2
1606,63,-45,-10,18,2
1607,63,-45,-10,28,2
1608,63,-45,-10,38,0
1609,63,-45,-10,48,0
1610,63,-45,0,8,2
1611,63,-45,0,18,2
1612,63,-45,0,28,2
1613,63,-45,0,38,2
1614,63,-45,0,48,0
1615,63,-45,10,8,2
1616,63,-45,10,18,2
1617,63,-45,10,28,2
1618,63,-45,10,38,2
1619,63,-45,10,48,0
1620,63,-45,20,8,2
1621,63,-45,20,18,2
1622,63,-45,20,28,2
1623,63,-45,20,38,2
1624,63,-45,20,48,3
1625,63,-45,30,8,2
1626,63,-45,30,18,2
1627,63,-45,30,28,2
1628,63,-45,30,38,2
1629,63,-45,30,48,3
1630,63,-45,40,8,2
1631,63,-45,40,18,2
1632,63,-45,40,28,2
1633,63,-45,40,38,2
1634,63,-45,40,48,3
1635,63,-45,50,8,2
1636,63,-45,50,18,2
1637,63,-45,50,28,2
1638,63,-45,50,38,3
1639,63,-45,50,48,3
1640,63,-35,-20,8,2
1641,63,-35,-20,18,2
1642,63,-35,-20,28,2
1643,63,-35,-20,38,0
1644,63,-35,-20,48,0
1645,63,-35,-10,8,2
1646,63,-35,-10,18,2
1647,63,-35,-10,28,2
1648,63,-35,-10,38,0
1649,63,-35,-10,48,0
1650,63,-35,0,8,2
1651,63,-35,0,18,2
1652,63,-35,0,28,2
1653,63,-35,0,38,2
1654,63,-35,0,48,0
1655,63,-35,10,8,2
1656,63,-35,10,18,2
1657,63,-35,10,28,2
1658,63,-35,10,38,3
1659,63,-35,10,48,3
1660,63,-35,20,8,2
1661,63,-35,20,18,2
1662,63,-35,20,28,2
1663,63,-35,20,38,3
1664,63,-35,20,48,3
1665,63,-35,30,8,2
1666,63,-35,30,18,2
1667,63,-35,30,28,2
1668,63,-35,30,38,3
1669,63,-35,30,48,3
1670,63,-35,40,8,2
1671,63,-35,40,18,2
1672,63,-35,40,28,2
1673,63,-35,40,38,3
1674,63,-35,40,48,3
1675,63,-35,50,8,2
1676,63,-35,50,18,2
1677,63,-35,50,28,2
1678,63,-35,50,38,3
1679,63,-35,50,48,3
1680,63,-25,-20,8,2
1681,63,-25,-20,18,2
1682,63,-25,-20,28,2
1683,63,-25,-20,38,0
1684,63,-25,-20,48,0
1685,63,-25,-10,8,2
1686,63,-25,-10,18,2
1687,63,-25,-10,28,2
1688,63,-25,-10,38,3
1689,63,-25,-10,48,0
1690,63,-25,0,8,2
1691,63,-25,0,18,2
1692,63,-25,0,28,2
1693,63,-25,0,38,3
1694,63,-25,0,48,3
1695,63,-25,10,8,2
1696,63,-25,10,18,2
1697,63,-25,10,28,3
1698,63,-25,10,38,3
1699,63,-25,10,48,3
1700,63,-25,20,8,2
1701,63,-25,20,18,2
1702,63,-25,20,28,3
1703,63,-25,20,38,3
1704,63,-25,20,48,3
1705,63,-25,30,8,2
1706,63,-25,30,18,2
1707,63,-25,30,28,3
1708,63,-25,30,38,3
1709,63,-25,30,48,3
1710,63,-25,40,8,2
1711,63,-25,40,18,2
1712,63,-25,40,28,3
1713,63,-25,40,38,3
1714,63,-25,40,48,3
1715,63,-25,50,8,2
1716,63,-25,50,18,2
1717,63,-25,50,28,3
1718,63,-25,50,38,3
1719,63,-25,50,48,3
1720,63,-15,-20,8,2
1721,63,-15,-20,18,2
1722,63,-15,-20,28,2
1723,63,-15,-20,38,3
1724,63,-15,-20,48,0
1725,63,-15,-10,8,2
1726,63,-15,-10,18,2
1727,63,-15,-10,28,3
1728,63,-15,-10,38,3
1729,63,-15,-10,48,3
1730,63,-15,0,8,2
1731,63,-15,0,18,2
1732,63,-15,0,28,3
1733,63,-15,0,38,3
1734,63,-15,0,48,3
1735,63,-15,10,8,2
1736,63,-15,10,18,2
1737,63,-15,10,28,3
1738,63,-15,10,38,3
1739,63,-15,10,48,3
1740,63,-15,20,8,2
1741,63,-15,20,18,2
1742,63,-15,20,28,3
1743,63,-15,20,38,3
1744,63,-15,20,48,3
1745,63,-15,30,8,2
1746,63,-15,30,18,2
1747,63,-15,30,28,3
1748,63,-15,30,38,3
1749,63,-15,30,48,3
1750,63,-15,40,8,2
1751,63,-15,40,18,2
1752,63,-15,40,28,3
1753,63,-15,40,38,3
1754,63,-15,40,48,3
1755,63,-15,50,8,2
1756,63,-15,50,18,2
1757,63,-15,50,28,3
1758,63,-15,50,38,3
1759,63,-15,50,48,3
1760,63,-5,-20,8,2
1761,63,-5,-20,18,2
1762,63,-5,-20,28,3
1763,63,-5,-20,38,3
1764,63,-5,-20,48,3
1765,63,-5,-10,8,2
1766,63,-5,-10,18,2
1767,63,-5,-10,28,3
1768,63,-5,-10,38,3
1769,63,-5,-10,48,3
1770,63,-5,0,8,2
1771,63,-5,0,18,2
1772,63,-5,0,28,3
1773,63,-5,0,38,3
1774,63,-5,0,48,3
1775,63,-5,10,8,2
1776,63,-5,10,18,2
1777,63,-5,10,28,3
1778,63,-5,10,38,3
1779,63,-5,10,48,3
1780,63,-5,20,8,2
1781,63,-5,20,18,3
1782,63,-5,20,28,3
1783,63,-5,20,38,3
1784,63,-5,20,48,3
1785,63,-5,30,8,2
1786,63,-5,30,18,3
1787,63,-5,30,28,3
1788,63,-5,30,38,3
1789,63,-5,30,48,3
1790,63,-5,40,8,2
1791,63,-5,40,18,3
1792,63,-5,40,28,3
1793,63,-5,40,38,3
1794,63,-5,40,48,3
1795,63,-5,50,8,2
1796,63,-5,50,18,3
1797,63,-5,50,28,3
1798,63,-5,50,38,3
1799,63,-5,50,48,3
1800,63,5,-20,8,2
1801,63,5,-20,18,2
1802,63,5,-20,28,3
1803,63,5,-20,38,3
1804,63,5,-20,48,3
1805,63,5,-10,8,2
1806,63,5,-10,18,2
1807,63,5,-10,28,3
1808,63,5,-10,38,3
1809,63,5,-10,48,3
1810,63,5,0,8,2
1811,63,5,0,18,2
1812,63,5,0,28,3
1813,63,5,0,38,3
1814,63,5,0,48,3
1815,63,5,10,8,2
1816,63,5,10,18,3
1817,63,5,10,28,3
1818,63,5,10,38,3
1819,63,5,10,48,3
1820,63,5,20,8,2
1821,63,5,20,18,3
1822,63,5,20,28,3
1823,63,5,20,38,3
1824,63,5,20,48,3
1825,63,5,30,8,2
1826,63,5,30,18,3
1827,63,5,30,28,3
1828,63,5,30,38,3
1829,63,5,30,48,3
1830,63,5,40,8,2
1831,63,5,40,18,3
1832,63,5,40,28,3
1833,63,5,40,38,3
1834,63,5,40,48,3
1835,63,5,50,8,2
1836,63,5,50,18,3
1837,63,5,50,28,3
1838,63,5,50,38,3
1839,63,5,50,48,3
1840,63,15,-20,8,2
1841,63,15,-20,18,2
1842,63,15,-20,28,3
1843,63,15,-20,38,3
1844,63,15,-20,48,3
1845,63,15,-10,8,2
1846,63,15,-10,18,3
1847,63,15,-10,28,3
1848,63,15,-10,38,3
1849,63,15,-10,48,3
1850,63,15,0,8,2
1851,63,15,0,18,3
1852,63,15,0,28,3
1853,63,15,0,38,3
1854,63,15,0,48,3
1855,63,15,10,8,2
1856,63,15,10,18,3
1857,63,15,10,28,3
1858,63,15,10,38,3
1859,63,15,10,48,3
1860,63,15,20,8,2
1861,63,15,20,18,3
1862,63,15,20,28,3
1863,63,15,20,38,3
1864,63,15,20,48,3
1865,63,15,30,8,2
1866,63,15,30,18,3
1867,63,15,30,28,3
1868,63,15,30,38,3
1869,63,15,30,48,3
1870,63,15,40,8,2
1871,63,15,40,18,3
1872,63,15,40,28,3
1873,63,15,40,38,3
1874,63,15,40,48,3
1875,63,15,50,8,2
1876,63,15,50,18,3
1877,63,15,50,28,3
1878,63,15,50,38,3
1879,63,15,50,48,3
1880,63,25,-20,8,2
1881,63,25,-20,18,3
1882,63,25,-20,28,3
1883,63,25,-20,38,3
1884,63,25,-20,48,3
1885,63,25,-10,8,2
1886,63,25,-10,18,3
1887,63,25,-10,28,3
1888,63,25,-10,38,3
1889,63,25,-10,48,3
1890,63,25,0,8,2
1891,63,25,0,18,3
1892,63,25,0,28,3
1893,63,25,0,38,3
1894,63,25,0,48,3
1895,63,25,10,8,2
1896,63,25,10,18,3
1897,63,25,10,28,3
1898,63,25,10,38,3
1899,63,25,10,48,3
1900,63,25,20,8,2
1901,63,25,20,18,3
1902,63,25,20,28,3
1903,63,25,20,38,3
1904,63,25,20,48,3
1905,63,25,30,8,2
1906,63,25,30,18,3
1907,63,25,30,28,3
1908,63,25,30,38,3
1909,63,25,30,48,3
1910,63,25,40,8,2
1911,63,25,40,18,3
1912,63,25,40,28,3
1913,63,25,40,38,3
1914,63,25,40,48,3
1915,63,25,50,8,2
1916,63,25,50,18,3
1917,63,25,50,28,3
1918,63,25,50,38,3
1919,63,25,50,48,3
1920,63,35,-20,8,2
1921,63,35,-20,18,3
1922,63,35,-20,28,3
1923,63,35,-20,38,3
1924,63,35,-20,48,3
1925,63,35,-10,8,2
1926,63,35,-10,18,3
1927,63,35,-10,28,3
1928,63,35,-10,38,3
1929,63,35,-10,48,3
1930,63,35,0,8,2
1931,63,35,0,18,3
1932,63,35,0,28,3
1933,63,35,0,38,3
1934,63,35,0,48,3
1935,63,35,10,8,2
1936,63,35,10,18,3
1937,63,35,10,28,3
1938,63,35,10,38,3
1939,63,35,10,48,3
1940,63,35,20,8,2
1941,63,35,20,18,3
1942,63,35,20,28,3
1943,63,35,20,38,3
1944,63,35,20,48,3
1945,63,35,30,8,2
1946,63,35,30,18,3
1947,63,35,30,28,3
1948,63,35,30,38,3
1949,63,35,30,48,3
1950,63,35,40,8,2
1951,63,35,40,18,3
1952,63,35,40,28,3
1953,63,35,40,38,3
1954,63,35,40,48,3
1955,63,35,50,8,2
1956,63,35,50,18,3
1957,63,35,50,28,3
1958,63,35,50,38,3
1959,63,35,50,48,3
1960,63,45,-20,8,2
1961,63,45,-20,18,3
1962,63,45,-20,28,3
1963,63,45,-20,38,3
1964,63,45,-20,48,3
1965,63,45,-10,8,2
1966,63,45,-10,18,3
1967,63,45,-10,28,3
1968,63,45,-10,38,3
1969,63,45,-10,48,3
1970,63,45,0,8,2
1971,63,45,0,18,3
1972,63,45,0,28,3
1973,63,45,0,38,3
1974,63,45,0,48,3
1975,63,45,10,8,2
1976,63,45,10,18,3
1977,63,45,10,28,3
1978,63,45,10,38,3
1979,63,45,10,48,3
1980,63,45,20,8,2
1981,63,45,20,18,3
1982,63,45,20,28,3
1983,63,45,20,38,3
1984,63,45,20,48,3
1985,63,45,30,8,2
1986,63,45,30,18,3
1987,63,45,30,28,3
1988,63,45,30,38,3
1989,63,45,30,48,3
1990,63,45,40,8,1
1991,63,45,40,18,1
1992,63,45,40,28,3
1993,63,45,40,38,3
1994,63,45,40,48,3
1995,63,45,50,8,1
1996,63,45,50,18,1
1997,63,45,50,28,1
1998,63,45,50,38,3
1999,63,45,50,48,3
2000,73,-45,-20,8,2
2001,73,-45,-20,18,2
2002,73,-45,-20,28,2
2003,73,-45,-20,38,2
2004,73,-45,-20,48,0
2005,73,-45,-10,8,2
2006,73,-45,-10,18,2
2007,73,-45,-10,28,2
2008,73,-45,-10,38,2
2009,73,-45,-10,48,0
2010,73,-45,0,8,2
2011,73,-45,0,18,2
2012,73,-45,0,28,2
2013,73,-45,0,38,2
2014,73,-45,0,48,0
2015,73,-45,10,8,2
2016,73,-45,10,18,2
2017,73,-45,10,28,2
2018,73,-45,10,38,2
2019,73,-45,10,48,2
2020,73,-45,20,8,2
2021,73,-45,20,18,2
2022,73,-45,20,28,2
2023,73,-45,20,38,2
2024,73,-45,20,48,3
2025,73,-45,30,8,2
2026,73,-45,30,18,2
2027,73,-45,30,28,2
2028,73,-45,30,38,2
2029,73,-45,30,48,3
2030,73,-45,40,8,2
2031,73,-45,40,18,2
2032,73,-45,40,28,2
2033,73,-45,40,38,2
2034,73,-45,40,48,3
2035,73,-45,50,8,2
2036,73,-45,50,18,2
2037,73,-45,50,28,2
2038,73,-45,50,38,3
2039,73,-45,50,48,3
2040,73,-35,-20,8,2
2041,73,-35,-20,18,2
2042,73,-35,-20,28,2
2043,73,-35,-20,38,2
2044,73,-35,-20,48,0
2045,73,-35,-10,8,2
2046,73,-35,-10,18,2
2047,73,-35,-10,28,2
2048,73,-35,-10,38,2
2049,73,-35,-10,48,0
2050,73,-35,0,8,2
2051,73,-35,0,18,2
2052,73,-35,0,28,2
2053,73,-35,0,38,2
2054,73,-35,0,48,3
2055,73,-35,10,8,2
2056,73,-35,10,18,2
2057,73,-35,10,28,2
2058,73,-35,10,38,3
2059,73,-35,10,48,3
2060,73,-35,20,8,2
2061,73,-35,20,18,2
2062,73,-35,20,28,2
2063,73,-35,20,38,3
2064,73,-35,20,48,3
2065,73,-35,30,8,2
2066,73,-35,30,18,2
2067,73,-35,30,28,2
2068,73,-35,30,38,3
2069,73,-35,30,48,3
2070,73,-35,40,8,2
2071,73,-35,40,18,2
2072,73,-35,40,28,2
2073,73,-35,40,38,3
2074,73,-35,40,48,3
2075,73,-35,50,8,2
2076,73,-35,50,18,2
2077,73,-35,50,28,2
2078,73,-35,50,38,3
2079,73,-35,50,48,3
2080,73,-25,-20,8,2
2081,73,-25,-20,18,2
2082,73,-25,-20,28,2
2083,73,-25,-20,38,2
2084,73,-25,-20,48,0
2085,73,-25,-10,8,2
2086,73,-25,-10,18,2
2087,73,-25,-10,28,2
2088,73,-25,-10,38,2
2089,73,-25,-10,48,3
2090,73,-25,0,8,2
2091,73,-25,0,18,2
2092,73,-25,0,28,2
2093,73,-25,0,38,3
2094,73,-25,0,48,3
2095,73,-25,10,8,2
2096,73,-25,10,18,2
2097,73,-25,10,28,3
2098,73,-25,10,38,3
2099,73,-25,10,48,3
2100,73,-25,20,8,2
2101,73,-25,20,18,2
2102,73,-25,20,28,3
2103,73,-25,20,38,3
2104,73,-25,20,48,3
2105,73,-25,30,8,2
2106,73,-25,30,18,2
2107,73,-25,30,28,3
2108,73,-25,30,38,3
2109,73,-25,30,48,3
2110,73,-25,40,8,2
2111,73,-25,40,18,2
2112,73,-25,40,28,3
2113,73,-25,40,38,3
2114,73,-25,40,48,3
2115,73,-25,50,8,2
2116,73,-25,50,18,2
2117,73,-25,50,28,3
2118,73,-25,50,38,3
2119,73,-25,50,48,3
2120,73,-15,-20,8,2
2121,73,-15,-20,18,2
2122,73,-15,-20,28,2
2123,73,-15,-20,38,3
2124,73,-15,-20,48,3
2125,73,-15,-10,8,2
2126,73,-15,-10,18,2
2127,73,-15,-10,28,2
2128,73,-15,-10,38,3
2129,73,-15,-10,48,3
2130,73,-15,0,8,2
2131,73,-15,0,18,2
2132,73,-15,0,28,3
2133,73,-15,0,38,3
2134,73,-15,0,48,3
2135,73,-15,10,8,2
2136,73,-15,10,18,2
2137,73,-15,10,28,3
2138,73,-15,10,38,3
2139,73,-15,10,48,3
2140,73,-15,20,8,2
2141,73,-15,20,18,2
2142,73,-15,20,28,3
2143,73,-15,20,38,3
2144,73,-15,20,48,3
2145,73,-15,30,8,2
2146,73,-15,30,18,2
2147,73,-15,30,28,3
2148,73,-15,30,38,3
2149,73,-15,30,48,3
2150,73,-15,40,8,2
2151,73,-15,40,18,2
2152,73,-15,40,28,3
2153,73,-15,40,38,3
2154,73,-15,40,48,3
2155,73,-15,50,8,2
2156,73,-15,50,18,2
2157,73,-15,50,28,3
2158,73,-15,50,38,3
2159,73,-15,50,48,3
2160,73,-5,-20,8,2
2161,73,-5,-20,18,2
2162,73,-5,-20,28,3
2163,73,-5,-20,38,3
2164,73,-5,-20,48,3
2165,73,-5,-10,8,2
2166,73,-5,-10,18,2
2167,73,-5,-10,28,3
2168,73,-5,-10,38,3
2169,73,-5,-10,48,3
2170,73,-5,0,8,2
2171,73,-5,0,18,2
2172,73,-5,0,28,3
2173,73,-5,0,38,3
2174,73,-5,0,48,3
2175,73,-5,10,8,2
2176,73,-5,10,18,2
2177,73,-5,10,28,3
2178,73,-5,10,38,3
2179,73,-5,10,48,3
2180,73,-5,20,8,2
2181,73,-5,20,18,2
2182,73,-5,20,28,3
2183,73,-5,20,38,3
2184,73,-5,20,48,3
2185,73,-5,30,8,2
2186,73,-5,30,18,2
2187,73,-5,30,28,3
2188,73,-5,30,38,3
2189,73,-5,30,48,3
2190,73,-5,40,8,2
2191,73,-5,40,18,2
2192,73,-5,40,28,3
2193,73,-5,40,38,3
2194,73,-5,40,48,3
2195,73,-5,50,8,2
2196,73,-5,50,18,2
2197,73,-5,50,28,3
2198,73,-5,50,38,3
2199,73,-5,50,48,3
2200,73,5,-20,8,2
2201,73,5,-20,18,2
2202,73,5,-20,28,3
2203,73,5,-20,38,3
2204,73,5,-20,48,3
2205,73,5,-10,8,2
2206,73,5,-10,18,2
2207,73,5,-10,28,3
2208,73,5,-10,38,3
2209,73,5,-10,48,3
2210,73,5,0,8,2
2211,73,5,0,18,2
2212,73,5,0,28,3
2213,73,5,0,38,3
2214,73,5,0,48,3
2215,73,5,10,8,2
2216,73,5,10,18,2
2217,73,5,10,28,3
2218,73,5,10,38,3
2219,73,5,10,48,3
2220,73,5,20,8,2
2221,73,5,20,18,3
2222,73,5,20,28,3
2223,73,5,20,38,3
2224,73,5,20,48,3
2225,73,5,30,8,2
2226,73,5,30,18,3
2227,73,5,30,28,3
2228,73,5,30,38,3
2229,73,5,30,48,3
2230,73,5,40,8,2
2231,73,5,40,18,3
2232,73,5,40,28,3
2233,73,5,40,38,3
2234,73,5,40,48,3
2235,73,5,50,8,2
2236,73,5,50,18,3
2237,73,5,50,28,3
2238,73,5,50,38,3
2239,73,5,50,48,3
2240,73,15,-20,8,2
2241,73,15,-20,18,2
2242,73,15,-20,28,3
2243,73,15,-20,38,3
2244,73,15,-20,48,3
2245,73,15,-10,8,2
2246,73,15,-10,18,2
2247,73,15,-10,28,3
2248,73,15,-10,38,3
2249,73,15,-10,48,3
2250,73,15,0,8,2
2251,73,15,0,18,2
2252,73,15,0,28,3
2253,73,15,0,38,3
2254,73,15,0,48,3
2255,73,15,10,8,2
2256,73,15,10,18,3
2257,73,15,10,28,3
2258,73,15,10,38,3
2259,73,15,10,48,3
2260,73,15,20,8,2
2261,73,15,20,18,3
2262,73,15,20,28,3
2263,73,15,20,38,3
2264,73,15,20,48,3
2265,73,15,30,8,2
2266,73,15,30,18,3
2267,73,15,30,28,3
2268,73,15,30,38,3
2269,73,15,30,48,3
2270,73,15,40,8,2
2271,73,15,40,18,3
2272,73,15,40,28,3
2273,73,15,40,38,3
2274,73,15,40,48,3
2275,73,15,50,8,2
2276,73,15,50,18,3
2277,73,15,50,28,3
2278,73,15,50,38,3
2279,73,15,50,48,3
2280,73,25,-20,8,2
2281,73,25,-20,18,2
2282,73,25,-20,28,3
2283,73,25,-20,38,3
2284,73,25,-20,48,3
2285,73,25,-10,8,2
2286,73,25,-10,18,3
2287,73,25,-10,28,3
2288,73,25,-10,38,3
2289,73,25,-10,48,3
2290,73,25,0,8,2
2291,73,25,0,18,3
2292,73,25,0,28,3
2293,73,25,0,38,3
2294,73,25,0,48,3
2295,73,25,10,8,2
2296,73,25,10,18,3
2297,73,25,10,28,3
2298,73,25,10,38,3
2299,73,25,10,48,3
2300,73,25,20,8,2
2301,73,25,20,18,3
2302,73,25,20,28,3
2303,73,25,20,38,3
2304,73,25,20,48,3
2305,73,25,30,8,2
2306,73,25,30,18,3
2307,73,25,30,28,3
2308,73,25,30,38,3
2309,73,25,30,48,3
2310,73,25,40,8,2
2311,73,25,40,18,3
2312,73,25,40,28,3
2313,73,25,40,38,3
2314,73,25,40,48,3
2315,73,25,50,8,2
2316,73,25,50,18,3
2317,73,25,50,28,3
2318,73,25,50,38,3
2319,73,25,50,48,3
2320,73,35,-20,8,2
2321,73,35,-20,18,3
2322,73,35,-20,28,3
2323,73,35,-20,38,3
2324,73,35,-20,48,3
2325,73,35,-10,8,2
2326,73,35,-10,18,3
2327,73,35,-10,28,3
2328,73,35,-10,38,3
2329,73,35,-10,48,3
2330,73,35,0,8,2
2331,73,35,0,18,3
2332,73,35,0,28,3
2333,73,35,0,38,3
2334,73,35,0,48,3
2335,73,35,10,8,2
2336,73,35,10,18,3
2337,73,35,10,28,3
2338,73,35,10,38,3
2339,73,35,10,48,3
2340,73,35,20,8,2
2341,73,35,20,18,3
2342,73,35,20,28,3
2343,73,35,20,38,3
2344,73,35,20,48,3
2345,73,35,30,8,2
2346,73,35,30,18,3
2347,73,35,30,28,3
2348,73,35,30,38,3
2349,73,35,30,48,3
2350,73,35,40,8,2
2351,73,35,40,18,3
2352,73,35,40,28,3
2353,73,35,40,38,3
2354,73,35,40,48,3
2355,73,35,50,8,2
2356,73,35,50,18,3
2357,73,35,50,28,3
2358,73,35,50,38,3
2359,73,35,50,48,3
2360,73,45,-20,8,2
2361,73,45,-20,18,3
2362,73,45,-20,28,3
2363,73,45,-20,38,3
2364,73,45,-20,48,3
2365,73,45,-10,8,2
2366,73,45,-10,18,3
2367,73,45,-10,28,3
2368,73,45,-10,38,3
2369,73,45,-10,48,3
2370,73,45,0,8,2
2371,73,45,0,18,3
2372,73,45,0,28,3
2373,73,45,0,38,3
2374,73,45,0,48,3
2375,73,45,10,8,2
2376,73,45,10,18,3
2377,73,45,10,28,3
2378,73,45,10,38,3
2379,73,45,10,48,3
2380,73,45,20,8,2
2381,73,45,20,18,3
2382,73,45,20,28,3
2383,73,45,20,38,3
2384,73,45,20,48,3
2385,73,45,30,8,2
2386,73,45,30,18,3
2387,73,45,30,28,3
2388,73,45,30,38,3
2389,73,45,30,48,3
2390,73,45,40,8,2
2391,73,45,40,18,3
2392,73,45,40,28,3
2393,73,45,40,38,3
2394,73,45,40,48,3
2395,73,45,50,8,2
2396,73,45,50,18,3
2397,73,45,50,28,3
2398,73,45,50,38,3
2399,73,45,50,48,3